{"mean": -9.257512336733454, "std": 35.6975465545251}