{
    "mean": -29.976350110552175,
    "std": 33.69868759052805,
    "min": -1100.2513427734375,
    "max": 195.56809997558594
}